932649,lingkungan,3401
932740,lingkungan,3401
932754,lingkungan,3401
932775,lingkungan,3401
932877,lingkungan,3401
932905,lingkungan,3401
932927,lingkungan,3401
932961,lingkungan,3401
933138,lingkungan,3401
933306,lingkungan,3401
933340,lingkungan,3401
933446,lingkungan,3401
933469,lingkungan,3401
933476,lingkungan,3401
933488,lingkungan,3401
933498,lingkungan,3401
933514,lingkungan,3401
933640,lingkungan,3401
933643,lingkungan,3401
933747,lingkungan,3401
933800,lingkungan,3401
933961,lingkungan,3401
933969,lingkungan,3401
934029,lingkungan,3401
934048,lingkungan,3401
934303,lingkungan,3401
934427,lingkungan,3401
934429,lingkungan,3401
934548,lingkungan,3401
934738,lingkungan,3401
934861,lingkungan,3401
934905,lingkungan,3401
934941,lingkungan,3401
934958,lingkungan,3401
935016,lingkungan,3401
935075,lingkungan,3401
935077,lingkungan,3401
935176,lingkungan,3401
935191,lingkungan,3401
935281,lingkungan,3401
935322,lingkungan,3401
935398,lingkungan,3401
935463,lingkungan,3401
935639,lingkungan,3401
935683,lingkungan,3401
935742,lingkungan,3401
935898,lingkungan,3401
935924,lingkungan,3401
936044,lingkungan,3401
936083,lingkungan,3401
936168,lingkungan,3401
936332,lingkungan,3401
936347,lingkungan,3401
936368,lingkungan,3401
936518,lingkungan,3401
936520,lingkungan,3401
936550,lingkungan,3401
936629,lingkungan,3401
936862,lingkungan,3401
936916,lingkungan,3401
936924,lingkungan,3401
936974,lingkungan,3401
937072,lingkungan,3401
937133,lingkungan,3401
937170,lingkungan,3401
937214,lingkungan,3401
937222,lingkungan,3401
937314,lingkungan,3401
937393,lingkungan,3401
937646,lingkungan,3401
937648,lingkungan,3401
937856,lingkungan,3401
937921,lingkungan,3401
937959,lingkungan,3401
938108,lingkungan,3401
938159,lingkungan,3401
938441,lingkungan,3401
938489,lingkungan,3401
938569,lingkungan,3401
938860,lingkungan,3401
939227,lingkungan,3401
939251,lingkungan,3401
939254,lingkungan,3401
939360,lingkungan,3401
939615,lingkungan,3401
939620,lingkungan,3401
939639,lingkungan,3401
939780,lingkungan,3401
939850,lingkungan,3401
939879,lingkungan,3401
940053,lingkungan,3401
940123,lingkungan,3401
940157,lingkungan,3401
940254,lingkungan,3401
940603,lingkungan,3401
940707,lingkungan,3401
940712,lingkungan,3401
940753,lingkungan,3401
940864,lingkungan,3401
940868,lingkungan,3401
940871,lingkungan,3401
941019,lingkungan,3401
941100,lingkungan,3401
941138,lingkungan,3401
941196,lingkungan,3401
941323,lingkungan,3401
941385,lingkungan,3401
941472,lingkungan,3401
941651,lingkungan,3401
941742,lingkungan,3401
941743,lingkungan,3401
941749,lingkungan,3401
941833,lingkungan,3401
941870,lingkungan,3401
941954,lingkungan,3401
941980,lingkungan,3401
942012,lingkungan,3401
942020,lingkungan,3401
942053,lingkungan,3401
942074,lingkungan,3401
942233,lingkungan,3401
